"Timestamp","SourceIP","DestinationIP","Port","AttackType","Status"
"12/27/2024 1:41:07 AM","100.109.107.127","192.168.1.1","61920","Port Scan","Blocked"
"12/27/2024 2:46:07 AM","228.94.35.89","192.168.1.1","42679","Port Scan","Blocked"
"12/26/2024 9:31:07 AM","135.201.66.246","192.168.1.1","32226","Port Scan","Blocked"
"12/26/2024 5:36:07 AM","75.78.135.152","192.168.1.1","14324","Port Scan","Blocked"
"12/26/2024 7:36:07 PM","128.169.192.223","192.168.1.1","49968","Port Scan","Blocked"
"12/26/2024 7:26:07 PM","208.209.87.32","192.168.1.1","6944","Port Scan","Blocked"
"12/26/2024 2:33:07 PM","79.128.13.82","192.168.1.1","56230","Port Scan","Blocked"
"12/27/2024 1:15:07 AM","237.28.78.225","192.168.1.1","23664","Port Scan","Blocked"
"12/26/2024 10:18:07 AM","17.7.91.52","192.168.1.1","1465","Port Scan","Blocked"
"12/27/2024 2:17:07 AM","82.253.119.61","192.168.1.1","64219","Port Scan","Blocked"
"12/27/2024 1:32:07 AM","65.32.9.223","192.168.1.1","7856","Port Scan","Blocked"
"12/26/2024 4:18:07 PM","34.160.221.166","192.168.1.1","37286","Port Scan","Blocked"
"12/26/2024 10:10:07 PM","250.41.61.237","192.168.1.1","23649","Port Scan","Blocked"
"12/27/2024 2:31:07 AM","21.78.161.177","192.168.1.1","48985","Port Scan","Blocked"
"12/26/2024 1:38:07 PM","107.247.101.99","192.168.1.1","59006","Port Scan","Blocked"
"12/26/2024 9:05:07 PM","99.199.109.203","192.168.1.1","35239","Port Scan","Blocked"
"12/26/2024 7:37:07 AM","12.221.250.40","192.168.1.1","48838","Port Scan","Blocked"
"12/26/2024 10:04:07 PM","182.23.208.189","192.168.1.1","57501","Port Scan","Blocked"
"12/26/2024 5:00:07 PM","22.61.180.13","192.168.1.1","55568","Port Scan","Blocked"
"12/26/2024 8:49:07 PM","13.105.244.195","192.168.1.1","61921","Port Scan","Blocked"
"12/26/2024 11:44:07 PM","147.65.252.119","192.168.1.1","11856","Port Scan","Blocked"
"12/27/2024 4:50:07 AM","245.245.171.106","192.168.1.1","51332","Port Scan","Blocked"
"12/26/2024 7:08:07 AM","40.214.76.205","192.168.1.1","57682","Port Scan","Blocked"
"12/26/2024 8:55:07 AM","87.8.245.94","192.168.1.1","1256","Port Scan","Blocked"
"12/27/2024 12:42:07 AM","13.12.173.77","192.168.1.1","31753","Port Scan","Blocked"
"12/26/2024 8:41:07 AM","210.152.110.217","192.168.1.1","2941","Port Scan","Blocked"
"12/26/2024 1:19:07 PM","150.126.180.43","192.168.1.1","38531","Port Scan","Blocked"
"12/26/2024 3:18:07 PM","42.178.169.200","192.168.1.1","57614","Port Scan","Blocked"
"12/26/2024 10:22:07 PM","144.162.237.137","192.168.1.1","56671","Port Scan","Blocked"
"12/26/2024 6:49:07 AM","14.102.168.132","192.168.1.1","56450","Port Scan","Blocked"
"12/26/2024 9:49:07 AM","82.18.43.235","192.168.1.1","3864","Port Scan","Blocked"
"12/26/2024 7:19:07 PM","221.13.230.141","192.168.1.1","10335","Port Scan","Blocked"
"12/26/2024 5:10:07 PM","151.21.140.159","192.168.1.1","59440","Port Scan","Blocked"
"12/26/2024 9:16:07 AM","218.194.139.35","192.168.1.1","51984","Port Scan","Blocked"
"12/27/2024 3:08:07 AM","239.122.242.87","192.168.1.1","21370","Port Scan","Blocked"
"12/26/2024 10:40:07 AM","101.205.227.63","192.168.1.1","54237","Port Scan","Blocked"
"12/26/2024 12:18:07 PM","127.174.154.26","192.168.1.1","5210","Port Scan","Blocked"
"12/26/2024 4:31:07 PM","130.1.9.12","192.168.1.1","49368","Port Scan","Blocked"
"12/26/2024 3:52:07 PM","138.67.230.253","192.168.1.1","19544","Port Scan","Blocked"
"12/27/2024 1:50:07 AM","70.80.160.169","192.168.1.1","47817","Port Scan","Blocked"
"12/26/2024 8:59:07 PM","59.110.230.28","192.168.1.1","58066","Port Scan","Blocked"
"12/26/2024 11:11:07 PM","253.252.253.234","192.168.1.1","60532","Port Scan","Blocked"
"12/26/2024 6:46:07 AM","72.43.242.1","192.168.1.1","61878","Port Scan","Blocked"
"12/26/2024 7:35:07 PM","218.185.47.97","192.168.1.1","27709","Port Scan","Blocked"
"12/26/2024 11:11:07 PM","251.241.158.93","192.168.1.1","49835","Port Scan","Blocked"
"12/27/2024 3:32:07 AM","43.9.235.34","192.168.1.1","41633","Port Scan","Blocked"
"12/26/2024 11:58:07 AM","220.153.0.179","192.168.1.1","23488","Port Scan","Blocked"
"12/26/2024 8:53:07 PM","3.227.104.235","192.168.1.1","782","Port Scan","Blocked"
"12/27/2024 2:30:07 AM","195.186.102.121","192.168.1.1","44856","Port Scan","Blocked"
"12/26/2024 1:29:07 PM","34.9.136.74","192.168.1.1","51174","Port Scan","Blocked"
"12/26/2024 3:23:07 PM","43.82.213.120","192.168.1.1","52029","Port Scan","Blocked"
"12/26/2024 5:26:07 PM","120.134.176.222","192.168.1.1","10613","Port Scan","Blocked"
"12/27/2024 4:50:07 AM","89.42.32.226","192.168.1.1","49863","Port Scan","Blocked"
"12/27/2024 5:17:07 AM","178.5.98.61","192.168.1.1","64628","Port Scan","Blocked"
"12/26/2024 12:26:07 PM","48.150.40.120","192.168.1.1","57897","Port Scan","Blocked"
"12/26/2024 6:00:07 PM","177.61.23.203","192.168.1.1","29975","Port Scan","Blocked"
"12/26/2024 12:44:07 PM","127.97.170.112","192.168.1.1","1363","Port Scan","Blocked"
"12/26/2024 10:27:07 AM","25.1.144.82","192.168.1.1","2049","Port Scan","Blocked"
"12/26/2024 4:56:07 PM","160.117.129.110","192.168.1.1","14845","Port Scan","Blocked"
"12/26/2024 1:40:07 PM","148.213.122.169","192.168.1.1","19407","Port Scan","Blocked"
"12/26/2024 6:26:07 AM","214.61.17.125","192.168.1.1","43513","Port Scan","Blocked"
"12/26/2024 11:18:07 AM","112.221.174.206","192.168.1.1","38011","Port Scan","Blocked"
"12/26/2024 4:19:07 PM","240.145.10.18","192.168.1.1","19114","Port Scan","Blocked"
"12/26/2024 11:49:07 AM","85.70.134.61","192.168.1.1","52690","Port Scan","Blocked"
"12/26/2024 8:32:07 PM","78.247.20.210","192.168.1.1","8727","Port Scan","Blocked"
"12/26/2024 11:53:07 AM","157.180.175.6","192.168.1.1","35092","Port Scan","Blocked"
"12/26/2024 5:11:07 PM","9.221.151.221","192.168.1.1","60356","Port Scan","Blocked"
"12/26/2024 1:40:07 PM","110.199.227.59","192.168.1.1","3986","Port Scan","Blocked"
"12/26/2024 11:48:07 AM","206.239.86.226","192.168.1.1","68","Port Scan","Blocked"
"12/27/2024 1:11:07 AM","216.137.70.234","192.168.1.1","9143","Port Scan","Blocked"
"12/26/2024 7:43:07 PM","29.159.238.90","192.168.1.1","58501","Port Scan","Blocked"
"12/27/2024 1:30:07 AM","60.125.108.94","192.168.1.1","5057","Port Scan","Blocked"
"12/26/2024 10:29:07 AM","166.94.221.81","192.168.1.1","13663","Port Scan","Blocked"
"12/26/2024 8:05:07 AM","25.203.53.239","192.168.1.1","49343","Port Scan","Blocked"
"12/26/2024 1:23:07 PM","224.12.212.26","192.168.1.1","53357","Port Scan","Blocked"
"12/26/2024 12:40:07 PM","200.30.98.228","192.168.1.1","61508","Port Scan","Blocked"
"12/26/2024 2:45:07 PM","51.184.236.24","192.168.1.1","43047","Port Scan","Blocked"
"12/26/2024 10:05:07 PM","40.147.12.0","192.168.1.1","55358","Port Scan","Blocked"
"12/27/2024 1:06:07 AM","66.117.59.51","192.168.1.1","41071","Port Scan","Blocked"
"12/27/2024 3:31:07 AM","12.37.99.28","192.168.1.1","60446","Port Scan","Blocked"
"12/27/2024 5:14:07 AM","200.239.112.156","192.168.1.1","24606","Port Scan","Blocked"
"12/26/2024 12:11:07 PM","70.206.141.177","192.168.1.1","25341","Port Scan","Blocked"
"12/26/2024 5:05:07 PM","244.207.23.112","192.168.1.1","43700","Port Scan","Blocked"
"12/27/2024 1:49:07 AM","102.244.2.55","192.168.1.1","23442","Port Scan","Blocked"
"12/26/2024 7:38:07 PM","172.1.50.103","192.168.1.1","56260","Port Scan","Blocked"
"12/27/2024 3:26:07 AM","107.76.166.36","192.168.1.1","23704","Port Scan","Blocked"
"12/26/2024 10:26:07 PM","3.78.0.68","192.168.1.1","35355","Port Scan","Blocked"
"12/26/2024 1:11:07 PM","82.106.73.71","192.168.1.1","20490","Port Scan","Blocked"
"12/26/2024 10:05:07 PM","114.200.209.78","192.168.1.1","4249","Port Scan","Blocked"
"12/26/2024 12:52:07 PM","236.75.129.180","192.168.1.1","15304","Port Scan","Blocked"
"12/26/2024 11:27:07 PM","146.145.105.237","192.168.1.1","55916","Port Scan","Blocked"
"12/26/2024 6:22:07 AM","89.217.246.183","192.168.1.1","34941","Port Scan","Blocked"
"12/26/2024 11:43:07 AM","128.190.64.247","192.168.1.1","2138","Port Scan","Blocked"
"12/26/2024 5:24:07 PM","218.252.76.44","192.168.1.1","51836","Port Scan","Blocked"
"12/26/2024 1:48:07 PM","247.155.140.48","192.168.1.1","21099","Port Scan","Blocked"
"12/27/2024 2:02:07 AM","100.182.148.182","192.168.1.1","47369","Port Scan","Blocked"
"12/26/2024 5:57:07 PM","63.111.252.89","192.168.1.1","57991","Port Scan","Blocked"
"12/27/2024 2:44:07 AM","34.148.0.180","192.168.1.1","692","Port Scan","Blocked"
"12/27/2024 12:00:07 AM","218.83.10.31","192.168.1.1","60378","Port Scan","Blocked"
"12/27/2024 12:02:07 AM","88.71.83.199","192.168.1.1","53971","Port Scan","Blocked"
"12/27/2024 4:40:07 AM","178.121.9.179","192.168.1.1","22","Brute Force","Blocked"
"12/26/2024 5:09:07 PM","56.87.221.197","192.168.1.1","22","Brute Force","Blocked"
"12/27/2024 3:19:07 AM","94.35.238.229","192.168.1.1","22","Brute Force","Blocked"
"12/26/2024 3:59:07 PM","20.22.215.167","192.168.1.1","22","Brute Force","Blocked"
"12/26/2024 3:32:07 PM","147.151.112.99","192.168.1.1","22","Brute Force","Blocked"
"12/27/2024 3:14:07 AM","176.25.232.73","192.168.1.1","22","Brute Force","Blocked"
"12/26/2024 11:11:07 AM","25.167.225.242","192.168.1.1","22","Brute Force","Blocked"
"12/27/2024 1:42:07 AM","50.38.218.65","192.168.1.1","22","Brute Force","Blocked"
"12/27/2024 1:59:07 AM","11.220.161.3","192.168.1.1","22","Brute Force","Blocked"
"12/26/2024 5:10:07 PM","236.175.17.220","192.168.1.1","22","Brute Force","Blocked"
"12/27/2024 12:38:07 AM","134.222.210.194","192.168.1.1","22","Brute Force","Blocked"
"12/26/2024 1:47:07 PM","89.122.244.46","192.168.1.1","22","Brute Force","Blocked"
"12/26/2024 8:39:07 AM","74.157.80.167","192.168.1.1","22","Brute Force","Blocked"
"12/26/2024 3:48:07 PM","5.224.206.100","192.168.1.1","22","Brute Force","Blocked"
"12/27/2024 2:09:07 AM","139.122.118.222","192.168.1.1","22","Brute Force","Blocked"
"12/26/2024 9:05:07 PM","172.142.93.157","192.168.1.1","22","Brute Force","Blocked"
"12/27/2024 2:18:07 AM","169.151.187.191","192.168.1.1","22","Brute Force","Blocked"
"12/26/2024 7:49:07 AM","130.195.164.68","192.168.1.1","22","Brute Force","Blocked"
"12/26/2024 6:53:07 AM","72.65.48.86","192.168.1.1","22","Brute Force","Blocked"
"12/26/2024 10:12:07 PM","142.85.78.185","192.168.1.1","22","Brute Force","Blocked"
"12/26/2024 9:07:07 AM","48.1.190.198","192.168.1.1","22","Brute Force","Blocked"
"12/26/2024 8:23:07 PM","97.123.109.149","192.168.1.1","22","Brute Force","Blocked"
"12/26/2024 10:05:07 AM","163.178.209.153","192.168.1.1","22","Brute Force","Blocked"
"12/26/2024 8:32:07 AM","178.70.43.83","192.168.1.1","22","Brute Force","Blocked"
"12/27/2024 4:17:07 AM","155.40.183.171","192.168.1.1","22","Brute Force","Blocked"
"12/26/2024 11:55:07 AM","105.26.187.96","192.168.1.1","22","Brute Force","Blocked"
"12/26/2024 5:07:07 PM","63.254.44.240","192.168.1.1","22","Brute Force","Blocked"
"12/26/2024 12:10:07 PM","205.58.35.39","192.168.1.1","22","Brute Force","Blocked"
"12/26/2024 6:45:07 PM","95.131.8.115","192.168.1.1","22","Brute Force","Blocked"
"12/26/2024 7:51:07 PM","120.162.157.97","192.168.1.1","22","Brute Force","Blocked"
"12/27/2024 2:05:07 AM","156.19.23.7","192.168.1.1","22","Brute Force","Blocked"
"12/26/2024 2:58:07 PM","100.244.14.157","192.168.1.1","22","Brute Force","Blocked"
"12/27/2024 1:35:07 AM","194.235.127.41","192.168.1.1","22","Brute Force","Blocked"
"12/26/2024 11:44:07 AM","234.209.162.110","192.168.1.1","22","Brute Force","Blocked"
"12/26/2024 11:28:07 AM","174.38.173.0","192.168.1.1","22","Brute Force","Blocked"
"12/26/2024 9:39:07 AM","51.134.0.10","192.168.1.1","22","Brute Force","Blocked"
"12/26/2024 10:42:07 PM","1.69.152.3","192.168.1.1","22","Brute Force","Blocked"
"12/26/2024 11:08:07 AM","63.71.60.241","192.168.1.1","22","Brute Force","Blocked"
"12/26/2024 9:17:07 PM","98.216.213.55","192.168.1.1","22","Brute Force","Blocked"
"12/26/2024 3:26:07 PM","71.124.21.249","192.168.1.1","22","Brute Force","Blocked"
"12/26/2024 9:41:07 PM","7.215.235.119","192.168.1.1","22","Brute Force","Blocked"
"12/26/2024 10:40:07 PM","114.222.216.2","192.168.1.1","22","Brute Force","Blocked"
"12/26/2024 7:03:07 AM","210.162.118.202","192.168.1.1","22","Brute Force","Blocked"
"12/27/2024 2:59:07 AM","56.197.101.228","192.168.1.1","22","Brute Force","Blocked"
"12/26/2024 3:02:07 PM","157.21.100.226","192.168.1.1","22","Brute Force","Blocked"
"12/26/2024 11:51:07 AM","125.10.137.90","192.168.1.1","22","Brute Force","Blocked"
"12/27/2024 2:08:07 AM","35.180.46.189","192.168.1.1","22","Brute Force","Blocked"
"12/27/2024 1:14:07 AM","30.46.119.127","192.168.1.1","22","Brute Force","Blocked"
"12/26/2024 8:13:07 AM","42.252.227.29","192.168.1.1","22","Brute Force","Blocked"
"12/26/2024 12:03:07 PM","154.41.206.179","192.168.1.1","22","Brute Force","Blocked"
"12/26/2024 3:14:07 PM","143.129.32.92","192.168.1.1","80","DDoS","Blocked"
"12/26/2024 9:23:07 AM","30.204.179.57","192.168.1.1","80","DDoS","Blocked"
"12/26/2024 2:20:07 PM","232.38.203.70","192.168.1.1","80","DDoS","Blocked"
"12/26/2024 6:18:07 PM","148.131.145.206","192.168.1.1","80","DDoS","Blocked"
"12/27/2024 12:24:07 AM","20.195.64.177","192.168.1.1","80","DDoS","Blocked"
"12/26/2024 10:18:07 PM","188.29.237.111","192.168.1.1","80","DDoS","Blocked"
"12/26/2024 6:56:07 AM","17.106.63.236","192.168.1.1","80","DDoS","Blocked"
"12/26/2024 11:30:07 AM","182.64.228.6","192.168.1.1","80","DDoS","Blocked"
"12/26/2024 11:24:07 PM","89.98.79.238","192.168.1.1","80","DDoS","Blocked"
"12/26/2024 9:51:07 AM","111.47.234.244","192.168.1.1","80","DDoS","Blocked"
"12/26/2024 7:38:07 AM","153.49.51.224","192.168.1.1","80","DDoS","Blocked"
"12/26/2024 5:59:07 PM","13.126.154.159","192.168.1.1","80","DDoS","Blocked"
"12/26/2024 7:15:07 PM","242.183.89.224","192.168.1.1","80","DDoS","Blocked"
"12/26/2024 9:02:07 PM","5.238.184.158","192.168.1.1","80","DDoS","Blocked"
"12/26/2024 12:57:07 PM","206.89.39.99","192.168.1.1","80","DDoS","Blocked"
"12/26/2024 6:02:07 AM","189.105.92.194","192.168.1.1","80","DDoS","Blocked"
"12/26/2024 6:10:07 AM","218.182.203.42","192.168.1.1","80","DDoS","Blocked"
"12/26/2024 6:35:07 PM","199.159.175.222","192.168.1.1","80","DDoS","Blocked"
"12/26/2024 6:32:07 PM","155.198.32.196","192.168.1.1","80","DDoS","Blocked"
"12/26/2024 5:40:07 AM","238.22.111.38","192.168.1.1","80","DDoS","Blocked"
"12/26/2024 1:00:07 PM","86.226.128.95","192.168.1.1","80","DDoS","Blocked"
"12/26/2024 5:13:07 PM","150.207.49.149","192.168.1.1","80","DDoS","Blocked"
"12/26/2024 6:14:07 AM","209.116.236.26","192.168.1.1","80","DDoS","Blocked"
"12/26/2024 11:15:07 PM","126.56.201.62","192.168.1.1","80","DDoS","Blocked"
"12/27/2024 1:19:07 AM","246.16.237.135","192.168.1.1","80","DDoS","Blocked"
"12/26/2024 9:54:07 AM","147.88.36.112","192.168.1.1","80","DDoS","Blocked"
"12/26/2024 11:50:07 AM","167.1.38.161","192.168.1.1","80","DDoS","Blocked"
"12/26/2024 11:29:07 PM","70.102.33.174","192.168.1.1","80","DDoS","Blocked"
"12/26/2024 10:53:07 AM","47.194.65.238","192.168.1.1","80","DDoS","Blocked"
"12/27/2024 1:59:07 AM","50.127.113.179","192.168.1.1","80","DDoS","Blocked"
"12/27/2024 1:45:07 AM","75.156.122.143","192.168.1.1","80","DDoS","Blocked"
"12/26/2024 3:53:07 PM","220.23.98.212","192.168.1.1","80","DDoS","Blocked"
"12/26/2024 5:45:07 PM","115.137.198.177","192.168.1.1","80","DDoS","Blocked"
"12/27/2024 3:13:07 AM","162.13.193.192","192.168.1.1","80","DDoS","Blocked"
"12/26/2024 11:33:07 PM","43.220.201.179","192.168.1.1","80","DDoS","Blocked"
"12/26/2024 4:04:07 PM","112.132.254.54","192.168.1.1","80","DDoS","Blocked"
"12/26/2024 3:13:07 PM","3.249.156.131","192.168.1.1","80","DDoS","Blocked"
"12/26/2024 7:34:07 AM","118.61.225.98","192.168.1.1","80","DDoS","Blocked"
"12/26/2024 6:17:07 AM","185.14.111.79","192.168.1.1","80","DDoS","Blocked"
"12/26/2024 11:46:07 AM","99.170.67.158","192.168.1.1","80","DDoS","Blocked"
"12/26/2024 6:35:07 PM","24.166.75.39","192.168.1.1","80","DDoS","Blocked"
"12/26/2024 8:32:07 AM","235.100.78.113","192.168.1.1","80","DDoS","Blocked"
"12/26/2024 6:46:07 PM","216.208.149.226","192.168.1.1","80","DDoS","Blocked"
"12/26/2024 11:48:07 AM","8.118.45.214","192.168.1.1","80","DDoS","Blocked"
"12/27/2024 1:53:07 AM","58.103.116.16","192.168.1.1","80","DDoS","Blocked"
"12/26/2024 9:03:07 AM","71.188.197.49","192.168.1.1","80","DDoS","Blocked"
"12/26/2024 12:43:07 PM","74.214.180.109","192.168.1.1","80","DDoS","Blocked"
"12/26/2024 10:48:07 PM","14.16.135.125","192.168.1.1","80","DDoS","Blocked"
"12/27/2024 3:40:07 AM","145.214.107.225","192.168.1.1","80","DDoS","Blocked"
"12/26/2024 8:32:07 PM","171.244.2.135","192.168.1.1","80","DDoS","Blocked"
"12/27/2024 1:09:07 AM","213.120.29.31","192.168.1.1","80","DDoS","Blocked"
"12/26/2024 8:29:07 AM","198.23.206.86","192.168.1.1","80","DDoS","Blocked"
"12/26/2024 8:54:07 PM","218.199.42.138","192.168.1.1","80","DDoS","Blocked"
"12/27/2024 12:09:07 AM","66.184.39.38","192.168.1.1","80","DDoS","Blocked"
"12/26/2024 5:35:07 PM","222.189.230.147","192.168.1.1","80","DDoS","Blocked"
"12/26/2024 9:44:07 AM","87.25.238.61","192.168.1.1","80","DDoS","Blocked"
"12/26/2024 8:52:07 PM","101.101.120.57","192.168.1.1","80","DDoS","Blocked"
"12/27/2024 2:55:07 AM","9.132.3.242","192.168.1.1","80","DDoS","Blocked"
"12/26/2024 5:56:07 AM","245.227.249.95","192.168.1.1","80","DDoS","Blocked"
"12/26/2024 6:03:07 AM","1.160.223.58","192.168.1.1","80","DDoS","Blocked"
"12/26/2024 9:56:07 AM","29.181.84.183","192.168.1.1","80","DDoS","Blocked"
"12/26/2024 8:38:07 AM","37.240.198.125","192.168.1.1","80","DDoS","Blocked"
"12/27/2024 1:12:07 AM","91.203.248.8","192.168.1.1","80","DDoS","Blocked"
"12/26/2024 5:57:07 PM","221.7.105.177","192.168.1.1","80","DDoS","Blocked"
"12/26/2024 6:31:07 AM","154.212.17.120","192.168.1.1","80","DDoS","Blocked"
"12/26/2024 2:11:07 PM","152.123.87.34","192.168.1.1","80","DDoS","Blocked"
"12/26/2024 3:39:07 PM","13.10.130.158","192.168.1.1","80","DDoS","Blocked"
"12/26/2024 1:38:07 PM","217.213.115.200","192.168.1.1","80","DDoS","Blocked"
"12/26/2024 7:09:07 AM","16.50.241.197","192.168.1.1","80","DDoS","Blocked"
"12/27/2024 12:24:07 AM","93.200.148.248","192.168.1.1","80","DDoS","Blocked"
"12/26/2024 4:59:07 PM","80.201.245.91","192.168.1.1","80","DDoS","Blocked"
"12/26/2024 11:27:07 PM","146.204.130.218","192.168.1.1","80","DDoS","Blocked"
"12/26/2024 7:52:07 PM","90.173.5.33","192.168.1.1","80","DDoS","Blocked"
"12/26/2024 4:04:07 PM","126.214.148.233","192.168.1.1","80","DDoS","Blocked"
"12/26/2024 11:48:07 AM","185.185.168.153","192.168.1.1","80","DDoS","Blocked"
"12/26/2024 6:28:07 AM","50.205.20.71","192.168.1.1","80","DDoS","Blocked"
"12/26/2024 6:24:07 PM","69.168.122.211","192.168.1.1","80","DDoS","Blocked"
"12/26/2024 1:06:07 PM","88.227.79.173","192.168.1.1","80","DDoS","Blocked"
"12/26/2024 5:35:07 AM","112.92.253.84","192.168.1.1","80","DDoS","Blocked"
"12/26/2024 7:22:07 AM","84.51.10.42","192.168.1.1","80","DDoS","Blocked"
"12/26/2024 9:25:07 PM","189.189.76.84","192.168.1.1","80","DDoS","Blocked"
"12/26/2024 7:51:07 AM","79.235.139.106","192.168.1.1","80","DDoS","Blocked"
"12/26/2024 6:43:07 AM","162.192.72.253","192.168.1.1","80","DDoS","Blocked"
"12/26/2024 5:44:07 AM","13.197.139.69","192.168.1.1","80","DDoS","Blocked"
"12/26/2024 12:12:07 PM","97.32.231.39","192.168.1.1","80","DDoS","Blocked"
"12/27/2024 1:13:07 AM","12.190.113.35","192.168.1.1","80","DDoS","Blocked"
"12/26/2024 11:29:07 PM","115.200.108.55","192.168.1.1","80","DDoS","Blocked"
"12/27/2024 4:00:07 AM","218.80.20.131","192.168.1.1","80","DDoS","Blocked"
"12/26/2024 11:18:07 AM","107.113.154.128","192.168.1.1","80","DDoS","Blocked"
"12/26/2024 3:46:07 PM","58.70.123.14","192.168.1.1","80","DDoS","Blocked"
"12/26/2024 10:00:07 AM","185.226.253.15","192.168.1.1","80","DDoS","Blocked"
"12/26/2024 2:32:07 PM","224.218.171.124","192.168.1.1","80","DDoS","Blocked"
"12/26/2024 3:52:07 PM","243.148.232.125","192.168.1.1","80","DDoS","Blocked"
"12/27/2024 3:11:07 AM","246.94.150.91","192.168.1.1","80","DDoS","Blocked"
"12/27/2024 4:16:07 AM","81.139.80.153","192.168.1.1","80","DDoS","Blocked"
"12/26/2024 2:42:07 PM","106.184.36.1","192.168.1.1","80","DDoS","Blocked"
"12/26/2024 3:25:07 PM","38.18.251.126","192.168.1.1","80","DDoS","Blocked"
"12/26/2024 6:17:07 AM","66.214.242.79","192.168.1.1","80","DDoS","Blocked"
"12/26/2024 1:14:07 PM","5.82.127.169","192.168.1.1","80","DDoS","Blocked"
"12/26/2024 11:39:07 PM","225.194.87.237","192.168.1.1","80","DDoS","Blocked"
"12/26/2024 6:24:07 PM","128.63.90.154","192.168.1.1","80","DDoS","Blocked"
"12/27/2024 1:48:07 AM","38.197.244.92","192.168.1.1","80","DDoS","Blocked"
"12/26/2024 5:31:07 PM","210.179.176.64","192.168.1.1","80","DDoS","Blocked"
"12/26/2024 11:48:07 AM","219.185.94.194","192.168.1.1","80","DDoS","Blocked"
"12/26/2024 7:50:07 PM","74.110.232.13","192.168.1.1","80","DDoS","Blocked"
"12/26/2024 3:59:07 PM","101.153.189.187","192.168.1.1","80","DDoS","Blocked"
"12/26/2024 9:36:07 PM","68.77.20.62","192.168.1.1","80","DDoS","Blocked"
"12/27/2024 5:27:07 AM","116.144.30.88","192.168.1.1","80","DDoS","Blocked"
"12/26/2024 6:46:07 AM","39.174.57.142","192.168.1.1","80","DDoS","Blocked"
"12/26/2024 5:54:07 PM","102.8.16.93","192.168.1.1","80","DDoS","Blocked"
"12/27/2024 4:40:07 AM","63.138.144.81","192.168.1.1","80","DDoS","Blocked"
"12/26/2024 5:20:07 PM","90.171.122.152","192.168.1.1","80","DDoS","Blocked"
"12/26/2024 11:37:07 PM","201.159.131.83","192.168.1.1","80","DDoS","Blocked"
"12/27/2024 5:04:07 AM","15.244.71.225","192.168.1.1","80","DDoS","Blocked"
"12/26/2024 12:30:07 PM","94.175.224.111","192.168.1.1","80","DDoS","Blocked"
"12/26/2024 5:36:07 AM","24.63.102.5","192.168.1.1","80","DDoS","Blocked"
"12/26/2024 9:24:07 AM","47.134.79.7","192.168.1.1","80","DDoS","Blocked"
"12/26/2024 10:20:07 PM","164.0.158.174","192.168.1.1","80","DDoS","Blocked"
"12/26/2024 11:26:07 AM","252.188.177.143","192.168.1.1","80","DDoS","Blocked"
"12/26/2024 2:32:07 PM","54.75.188.177","192.168.1.1","80","DDoS","Blocked"
"12/27/2024 4:15:07 AM","242.25.32.42","192.168.1.1","80","DDoS","Blocked"
"12/26/2024 11:26:07 AM","32.114.125.108","192.168.1.1","80","DDoS","Blocked"
"12/26/2024 5:07:07 PM","52.53.242.209","192.168.1.1","80","DDoS","Blocked"
"12/26/2024 8:42:07 AM","220.69.128.56","192.168.1.1","80","DDoS","Blocked"
"12/26/2024 11:48:07 AM","98.58.50.192","192.168.1.1","80","DDoS","Blocked"
"12/26/2024 9:19:07 AM","173.68.53.57","192.168.1.1","80","DDoS","Blocked"
"12/26/2024 9:19:07 AM","21.195.158.158","192.168.1.1","80","DDoS","Blocked"
"12/26/2024 10:23:07 PM","57.200.3.100","192.168.1.1","80","DDoS","Blocked"
"12/26/2024 7:30:07 AM","81.7.153.28","192.168.1.1","80","DDoS","Blocked"
"12/27/2024 3:39:07 AM","108.109.19.167","192.168.1.1","80","DDoS","Blocked"
"12/26/2024 8:50:07 AM","249.122.250.232","192.168.1.1","80","DDoS","Blocked"
"12/26/2024 1:45:07 PM","220.222.60.19","192.168.1.1","80","DDoS","Blocked"
"12/26/2024 12:56:07 PM","252.135.142.144","192.168.1.1","80","DDoS","Blocked"
"12/27/2024 3:15:07 AM","49.56.252.112","192.168.1.1","80","DDoS","Blocked"
"12/26/2024 1:15:07 PM","157.87.92.114","192.168.1.1","80","DDoS","Blocked"
"12/26/2024 5:54:07 AM","29.30.167.153","192.168.1.1","80","DDoS","Blocked"
"12/26/2024 12:53:07 PM","18.250.209.156","192.168.1.1","80","DDoS","Blocked"
"12/27/2024 1:58:07 AM","24.38.240.168","192.168.1.1","80","DDoS","Blocked"
"12/26/2024 8:41:07 PM","63.105.22.248","192.168.1.1","80","DDoS","Blocked"
"12/26/2024 11:28:07 AM","196.96.114.92","192.168.1.1","80","DDoS","Blocked"
"12/26/2024 7:53:07 AM","149.197.47.45","192.168.1.1","80","DDoS","Blocked"
"12/26/2024 6:18:07 AM","134.15.38.143","192.168.1.1","80","DDoS","Blocked"
"12/27/2024 2:07:07 AM","246.173.50.94","192.168.1.1","80","DDoS","Blocked"
"12/26/2024 6:06:07 PM","48.226.220.191","192.168.1.1","80","DDoS","Blocked"
"12/26/2024 3:26:07 PM","166.157.237.138","192.168.1.1","80","DDoS","Blocked"
"12/26/2024 7:03:07 AM","198.43.146.121","192.168.1.1","80","DDoS","Blocked"
"12/27/2024 1:45:07 AM","158.72.23.137","192.168.1.1","80","DDoS","Blocked"
"12/26/2024 11:26:07 PM","248.79.181.47","192.168.1.1","80","DDoS","Blocked"
"12/26/2024 11:08:07 PM","64.51.82.36","192.168.1.1","80","DDoS","Blocked"
"12/27/2024 1:47:07 AM","9.58.229.166","192.168.1.1","80","DDoS","Blocked"
"12/26/2024 7:09:07 AM","57.163.208.39","192.168.1.1","80","DDoS","Blocked"
"12/26/2024 1:24:07 PM","96.47.15.219","192.168.1.1","80","DDoS","Blocked"
"12/27/2024 12:27:07 AM","178.215.248.223","192.168.1.1","80","DDoS","Blocked"
"12/27/2024 12:07:07 AM","216.180.229.149","192.168.1.1","80","DDoS","Blocked"
"12/26/2024 9:09:07 PM","122.180.77.153","192.168.1.1","80","DDoS","Blocked"
"12/26/2024 10:04:07 AM","167.183.239.48","192.168.1.1","80","DDoS","Blocked"
"12/27/2024 3:38:07 AM","82.19.108.61","192.168.1.1","80","DDoS","Blocked"
"12/26/2024 7:33:07 PM","213.38.202.0","192.168.1.1","80","DDoS","Blocked"
"12/26/2024 4:42:07 PM","33.148.213.181","192.168.1.1","80","DDoS","Blocked"
"12/26/2024 12:47:07 PM","248.83.63.74","192.168.1.1","80","DDoS","Blocked"
"12/26/2024 8:50:07 AM","139.141.251.88","192.168.1.1","80","DDoS","Blocked"
"12/26/2024 9:31:07 AM","178.166.101.186","192.168.1.1","80","DDoS","Blocked"
"12/27/2024 4:19:07 AM","20.163.239.64","192.168.1.1","80","DDoS","Blocked"
"12/26/2024 1:10:07 PM","166.67.143.197","192.168.1.1","80","DDoS","Blocked"
"12/26/2024 8:58:07 AM","68.156.132.9","192.168.1.1","80","DDoS","Blocked"
"12/26/2024 6:18:07 AM","108.141.179.10","192.168.1.1","80","DDoS","Blocked"
"12/26/2024 1:54:07 PM","70.18.47.6","192.168.1.1","80","DDoS","Blocked"
"12/26/2024 9:16:07 PM","179.247.210.70","192.168.1.1","80","DDoS","Blocked"
"12/26/2024 7:43:07 PM","104.225.20.5","192.168.1.1","80","DDoS","Blocked"
"12/26/2024 2:54:07 PM","147.124.214.221","192.168.1.1","80","DDoS","Blocked"
"12/26/2024 4:29:07 PM","202.45.89.80","192.168.1.1","80","DDoS","Blocked"
"12/27/2024 3:40:07 AM","61.233.152.159","192.168.1.1","80","DDoS","Blocked"
"12/26/2024 6:13:07 AM","186.76.133.133","192.168.1.1","80","DDoS","Blocked"
"12/26/2024 5:21:07 PM","196.40.182.41","192.168.1.1","80","DDoS","Blocked"
"12/26/2024 10:49:07 PM","131.63.181.122","192.168.1.1","80","DDoS","Blocked"
"12/26/2024 8:37:07 PM","78.111.196.118","192.168.1.1","80","DDoS","Blocked"
"12/27/2024 2:48:07 AM","65.167.123.167","192.168.1.1","80","DDoS","Blocked"
"12/26/2024 8:00:07 AM","61.115.43.55","192.168.1.1","80","DDoS","Blocked"
"12/26/2024 6:32:07 PM","147.242.17.48","192.168.1.1","80","DDoS","Blocked"
"12/26/2024 6:29:07 PM","148.2.83.130","192.168.1.1","80","DDoS","Blocked"
"12/26/2024 12:17:07 PM","104.177.182.233","192.168.1.1","80","DDoS","Blocked"
"12/27/2024 4:23:07 AM","219.68.3.48","192.168.1.1","80","DDoS","Blocked"
"12/27/2024 5:26:07 AM","20.127.163.202","192.168.1.1","80","DDoS","Blocked"
"12/26/2024 9:38:07 AM","57.133.184.128","192.168.1.1","80","DDoS","Blocked"
"12/27/2024 4:08:07 AM","97.96.49.18","192.168.1.1","80","DDoS","Blocked"
"12/26/2024 5:15:07 PM","221.128.14.96","192.168.1.1","80","DDoS","Blocked"
"12/26/2024 7:59:07 AM","217.113.133.94","192.168.1.1","80","DDoS","Blocked"
"12/26/2024 4:05:07 PM","48.56.151.249","192.168.1.1","80","DDoS","Blocked"
"12/27/2024 4:43:07 AM","166.17.137.34","192.168.1.1","80","DDoS","Blocked"
"12/26/2024 4:27:07 PM","121.191.128.174","192.168.1.1","80","DDoS","Blocked"
"12/26/2024 6:01:07 AM","197.15.43.172","192.168.1.1","80","DDoS","Blocked"
"12/27/2024 12:39:07 AM","171.50.239.141","192.168.1.1","80","DDoS","Blocked"
"12/26/2024 10:34:07 PM","53.107.24.226","192.168.1.1","80","DDoS","Blocked"
"12/26/2024 11:53:07 AM","142.2.132.34","192.168.1.1","80","DDoS","Blocked"
"12/27/2024 1:47:07 AM","150.202.1.49","192.168.1.1","80","DDoS","Blocked"
"12/27/2024 12:33:07 AM","17.16.249.174","192.168.1.1","80","DDoS","Blocked"
"12/26/2024 7:42:07 PM","107.187.192.92","192.168.1.1","80","DDoS","Blocked"
"12/27/2024 1:51:07 AM","111.178.216.55","192.168.1.1","80","DDoS","Blocked"
"12/26/2024 2:28:07 PM","85.49.76.80","192.168.1.1","80","DDoS","Blocked"
"12/26/2024 1:02:07 PM","63.254.188.74","192.168.1.1","80","DDoS","Blocked"
